{
  "accuracy": 0.5868616666666666,
  "mean_sic_overlap": 0.08704770356416702,
  "frame_potential": 0.019515210762619972,
  "sic_deviation": 0.010124626641090095,
  "sic_target": 0.07692307692307693,
  "frame_target": 0.15384615384615385,
  "elapsed": 30.92959976196289
}