{
  "accuracy": 0.67062,
  "mean_sic_overlap": 0.08339933305978775,
  "frame_potential": 0.08349098265171051,
  "sic_deviation": 0.006476256136710823,
  "sic_target": 0.07692307692307693,
  "frame_target": 0.07692307692307693,
  "elapsed": 327.4355208873749
}