{
  "accuracy": 0.6775233333333334,
  "mean_sic_overlap": 0.0834159106016159,
  "frame_potential": 0.08350756764411926,
  "sic_deviation": 0.006492833678538978,
  "sic_target": 0.07692307692307693,
  "frame_target": 0.07692307692307693,
  "elapsed": 383.40843391418457
}