{
  "accuracy": 0.6730116666666667,
  "mean_sic_overlap": 0.08340808004140854,
  "frame_potential": 0.08349974453449249,
  "sic_deviation": 0.0064850031183316115,
  "sic_target": 0.07692307692307693,
  "frame_target": 0.07692307692307693,
  "elapsed": 353.15847873687744
}