{
  "accuracy": 0.45969666666666664,
  "mean_sic_overlap": 0.08337485045194626,
  "frame_potential": 0.08346650749444962,
  "sic_deviation": 0.006451773528869331,
  "sic_target": 0.07692307692307693,
  "frame_target": 0.07692307692307693,
  "elapsed": 515.2157402038574
}